x,z
0.0,0.028
0.0025454545454545456,0.028
0.005090909090909091,0.027895275565966254
0.007636363636363636,0.02744901412289121
0.010181818181818183,0.026466463035417796
0.01272727272727273,0.02492537355532449
0.015272727272727271,0.023002032569713074
0.01781818181818182,0.02087042189556708
0.020363636363636365,0.01869195104831191
0.02290909090909091,0.016582699277327997
0.02545454545454546,0.014541222785679212
0.028,0.012547034282066029
0.030545454545454542,0.010579781950708573
0.033090909090909094,0.008643223597776384
0.03563636363636364,0.006792803442847106
0.038181818181818185,0.005090644146040163
0.04072727272727273,0.0035986371698745055
0.043272727272727275,0.0023585308871265967
0.04581818181818182,0.001376584840907162
0.048363636363636366,0.0006554461120394892
0.05090909090909092,0.0
0.053454545454545456,0.0
0.056,0.0
0.058545454545454546,0.0
0.061090909090909085,0.0
0.06363636363636364,0.0
0.06618181818181819,0.0
0.06872727272727273,0.0
0.07127272727272728,0.0
0.07381818181818181,0.0
0.07636363636363637,0.0
0.07890909090909091,0.0
0.08145454545454546,0.0
0.084,0.0
0.08654545454545455,0.0
0.0890909090909091,0.0
0.09163636363636364,0.0
0.09418181818181819,0.0
0.09672727272727273,0.0
0.09927272727272728,0.0
0.10181818181818184,0.0
0.10436363636363637,0.0
0.10690909090909091,0.0
0.10945454545454546,0.0
0.112,0.0
0.11454545454545455,0.0
0.11709090909090909,0.0
0.11963636363636364,0.0
0.12218181818181817,0.0
0.12472727272727274,0.0
0.1272727272727273,0.0
0.12981818181818183,0.0
0.13236363636363638,0.0
0.13490909090909092,0.0
0.13745454545454547,0.0
0.14,0.0
0.14254545454545456,0.0
0.14509090909090908,0.0
0.14763636363636362,0.0
0.1501818181818182,0.0
0.15272727272727274,0.0
0.15527272727272728,0.0
0.15781818181818183,0.0
0.16036363636363637,0.0
0.16290909090909092,0.0
0.16545454545454547,0.0
0.168,0.0
0.17054545454545456,0.0
0.1730909090909091,0.0
0.17563636363636365,0.0
0.1781818181818182,0.0
0.18072727272727274,0.0
0.18327272727272728,0.0
0.18581818181818183,0.0
0.18836363636363637,0.0
0.19090909090909092,0.0
0.19345454545454546,0.0
0.196,0.0
0.19854545454545455,0.0
0.2010909090909091,0.0
0.20363636363636367,0.0006554461120394923
0.2061818181818182,0.001376584840907161
0.20872727272727273,0.0023585308871266046
0.21127272727272728,0.003598637169874513
0.21381818181818182,0.005090644146040163
0.21636363636363637,0.006792803442847109
0.21890909090909091,0.008643223597776384
0.22145454545454546,0.010579781950708583
0.224,0.012547034282066029
0.22654545454545458,0.014541222785679224
0.2290909090909091,0.016582699277328004
0.23163636363636367,0.018691951048311926
0.23418181818181819,0.020870421895567082
0.23672727272727276,0.02300203256971308
0.23927272727272728,0.024925373555324475
0.24181818181818182,0.026466463035417793
0.24436363636363634,0.027449014122891198
0.2469090909090909,0.027895275565966254
0.24945454545454548,0.028
0.252,0.028
